id	kind	university	url	page_url	title	sha256
2026_0000003	adiga	0000003	https://www.adiga.kr/cmm/com/file/fileDown.do?fileId=00000000000000257438&fileSn=1	https://www.adiga.kr/uct/acd/ade/criteriaAndResultView.do	2026학년도 입시결과 추가안내자료 입력양식(강원대 통합선발 공개 등).hwp	db49016b28760e2d21af18e187825738517c1da54d328907e0b824a5b621f7ae
2026_0000004	adiga	0000004	https://www.adiga.kr/cmm/com/file/fileDown.do?fileId=00000000000000251799&fileSn=1	https://www.adiga.kr/uct/acd/ade/criteriaAndResultView.do	1.2026학년도 입시결과 추가안내자료 입력양식(분포도 및 전형별공개 등).hwp	2e12de1bb216589ad60e94fe6f0cab87de7a6ca7e876597111857a1eadbde97d
2026_0000012	adiga	0000012	https://www.adiga.kr/cmm/com/file/fileDown.do?fileId=00000000000000251467&fileSn=1	https://www.adiga.kr/uct/acd/ade/criteriaAndResultView.do	2026학년도 입시결과 추가안내자료 입력양식(분포도 및 전형별공개 등).hwp	e265b9a1b0b1eb0c140bd20daa8eb25ed5a1c14735ae4d660b7fbebb17f1aa92
2026_0000014	adiga	0000014	https://www.adiga.kr/cmm/com/file/fileDown.do?fileId=00000000000000251844&fileSn=1	https://www.adiga.kr/uct/acd/ade/criteriaAndResultView.do	2026학년도 입시결과 추가안내자료(부산대학교).hwp	d25525e0cf8d2eb974fb3d196e6e33e8a28c4f898889ba0edc27e640d99655bd
2026_0000019	adiga	0000019	https://www.adiga.kr/cmm/com/file/fileDown.do?fileId=00000000000000258084&fileSn=1	https://www.adiga.kr/uct/acd/ade/criteriaAndResultView.do	2026학년도 입시결과 추가안내자료(서울대학교)(260605).hwp	432a7d7bfae50f6c3bab8604597d087f04d470b307d89c1deaa9bd6701049cb3
2026_0000027	adiga	0000027	https://www.adiga.kr/cmm/com/file/fileDown.do?fileId=00000000000000254286&fileSn=1	https://www.adiga.kr/uct/acd/ade/criteriaAndResultView.do	(제주대-제출)전년도 결과공개(3인이하_전형별합산).xlsx	ea21169a39eebc280b2be0ef7a29f2161dce972b82a7433c27df61b797916ea8
2026_0000029	adiga	0000029	https://www.adiga.kr/cmm/com/file/fileDown.do?fileId=00000000000000251771&fileSn=1	https://www.adiga.kr/uct/acd/ade/criteriaAndResultView.do	2026학년도 입시결과 추가안내자료_남녀 구분 모집단위.hwp	6f821fc7b911682baaebaf9cdc5bf8fbe806be799e3611cd23cd03fcd91aafc1
2026_0000033	adiga	0000033	https://www.adiga.kr/cmm/com/file/fileDown.do?fileId=00000000000000267979&fileSn=1	https://www.adiga.kr/uct/acd/ade/criteriaAndResultView.do	2026학년도 입시결과 추가안내자료 (국립한국해양대 해사대학 결과).hwp	c16580a9ea9992ea31f65f1645474265bb8a4230432681a841056432790af3f7
2026_0000046	adiga	0000046	https://www.adiga.kr/cmm/com/file/fileDown.do?fileId=00000000000000257347&fileSn=1	https://www.adiga.kr/uct/acd/ade/criteriaAndResultView.do	2026학년도 입시결과 추가안내자료_장애인등대상자전형.hwp	b1b81d101f867a757096b5b56a841e3abae4fd2ebf1a6b7fc3fb751a2f866297
2026_0000052	adiga	0000052	https://www.adiga.kr/cmm/com/file/fileDown.do?fileId=00000000000000251966&fileSn=1	https://www.adiga.kr/uct/acd/ade/criteriaAndResultView.do	2026학년도 입시결과 추가안내자료_특수교육대상자.hwp	578ad02d56a97c09a6720a3537986da23081a8cf2a72d1105b473a6d944d4399
2026_0000054	adiga	0000054	https://www.adiga.kr/cmm/com/file/fileDown.do?fileId=00000000000000251757&fileSn=1	https://www.adiga.kr/uct/acd/ade/criteriaAndResultView.do	2026학년도 건양대학교 입시결과(최종).pdf	9fdf720fc373521f2e68cb1e8a0df6d45e8e6a98192c1a23cfd33464afe7fdf4
2026_0000062	adiga	0000062	https://www.adiga.kr/cmm/com/file/fileDown.do?fileId=00000000000000251245&fileSn=1	https://www.adiga.kr/uct/acd/ade/criteriaAndResultView.do	전년도 결과공개_공예+체육특기자.xlsx	4104dea5b7f96f586afc3fa123d5bbafdec9f6fb27cef7442c90c65ef37bd2ca
2026_0000063	adiga	0000063	https://www.adiga.kr/cmm/com/file/fileDown.do?fileId=00000000000000258183&fileSn=1	https://www.adiga.kr/uct/acd/ade/criteriaAndResultView.do	2026학년도 수시 입시결과_최종_업로드.xlsx	aa3a8c3f034177d4b614d063300b421e2448b4e500254d25b6624a1fda849935
2026_0000064	adiga	0000064	https://www.adiga.kr/cmm/com/file/fileDown.do?fileId=00000000000000255149&fileSn=1	https://www.adiga.kr/uct/acd/ade/criteriaAndResultView.do	[경일대학교] 2026학년도 입시결과 추가안내자료.hwp	770a62d0f08ca31422b8b96e540f6d10b44649927d7777b18942769c4249b625
2026_0000066	adiga	0000066	https://www.adiga.kr/cmm/com/file/fileDown.do?fileId=00000000000000251959&fileSn=1	https://www.adiga.kr/uct/acd/ade/criteriaAndResultView.do	경희대학교 2026학년도 입학전형 통계자료.pdf	545f7e017293bb49404efdea2e970db32464781bc227c7e6aeab2fe1cd120417
2026_0000071	adiga	0000071	https://www.adiga.kr/cmm/com/file/fileDown.do?fileId=00000000000000254904&fileSn=1	https://www.adiga.kr/uct/acd/ade/criteriaAndResultView.do	전년도 결과공개(최종).xlsx	0bd4d842ca04c9209aecb3fb76c61f1d417b1944b08c6fbce21898259fe29356
2026_0000072	adiga	0000072	https://www.adiga.kr/cmm/com/file/fileDown.do?fileId=00000000000000251912&fileSn=1	https://www.adiga.kr/uct/acd/ade/criteriaAndResultView.do	(가톨릭관동대학교)2026학년도 입시결과 추가안내자료.hwp	28069d80720cbcf3f652067489e58eaa630e1314df0e3afb2789f87cce085954
2026_0000117	adiga	0000117	https://www.adiga.kr/cmm/com/file/fileDown.do?fileId=00000000000000251224&fileSn=1	https://www.adiga.kr/uct/acd/ade/criteriaAndResultView.do	2026학년도 수시모집 입시 결과.pdf	58d1ef4f6c642120bd7615d4ed2046a6a031c4f1fe6ce78774b39f05f5a0d283
2026_0000125	adiga	0000125	https://www.adiga.kr/cmm/com/file/fileDown.do?fileId=00000000000000251765&fileSn=1	https://www.adiga.kr/uct/acd/ade/criteriaAndResultView.do	[통합모집 전형별 공개].hwp	594a2fc5e55f95bedb06ad565e77d017f811d09971f69d5335702a8362d03f71
2026_0000128	adiga	0000128	https://www.adiga.kr/cmm/com/file/fileDown.do?fileId=00000000000000256494&fileSn=1	https://www.adiga.kr/uct/acd/ade/criteriaAndResultView.do	2026학년도 입시결과 추가안내자료 (서원대학교).hwp	02cea53f79041111a7244d74a3468c687c3ca6f4665a664ddb50589e40a21151
2026_0000133	adiga	0000133	https://www.adiga.kr/cmm/com/file/fileDown.do?fileId=00000000000000258098&fileSn=1	https://www.adiga.kr/uct/acd/ade/criteriaAndResultView.do	2026학년도 입시결과 추가안내자료 입력(통합선발).hwp	674cdf78545e6ad832dc470e4f1e7a2ccefd0458b35b12efbb891e46d973ebc2
2026_0000136	adiga	0000136	https://www.adiga.kr/cmm/com/file/fileDown.do?fileId=00000000000000251822&fileSn=1	https://www.adiga.kr/uct/acd/ade/criteriaAndResultView.do	[성신여자대학교] 2026학년도 통합모집 결과공개.hwp	be72266a8ace4237f515ad54758da49f90256906babffcd27e8b25f8dd3122dd
2026_0000137	adiga	0000137	https://www.adiga.kr/cmm/com/file/fileDown.do?fileId=00000000000000256368&fileSn=1	https://www.adiga.kr/uct/acd/ade/criteriaAndResultView.do	2026학년도 입시결과 추가안내자료 입력양식(전형별공개)_세명대학교.hwp	67423d27f8dc614b43f39473e39b10823185ddfcf6008ea0c3f7134375fb43bf
2026_0000156	adiga	0000156	https://www.adiga.kr/cmm/com/file/fileDown.do?fileId=00000000000000251242&fileSn=1	https://www.adiga.kr/uct/acd/ade/criteriaAndResultView.do	[용인대학교]2026학년도 입시결과 추가안내자료.hwp	d00440067892dd032454d7a843de906a846876c2b0880f2ec7f3cedb38af7547
2026_0000163	adiga	0000163	https://www.adiga.kr/cmm/com/file/fileDown.do?fileId=00000000000000251575&fileSn=1	https://www.adiga.kr/uct/acd/ade/criteriaAndResultView.do	2026학년도 입시결과 추가안내자료 입력양식(분포도 및 전형별공개 등).hwp	839b6dfb71ea1f318ac49e73ff7b56f5cfc9b39325a434226431196ad8ae0741
2026_0000164	adiga	0000164	https://www.adiga.kr/cmm/com/file/fileDown.do?fileId=00000000000000251913&fileSn=1	https://www.adiga.kr/uct/acd/ade/criteriaAndResultView.do	2026학년도 결과공개_추가업로드자료_최종.xlsx	25af7af26652752376c2017333c6db2a244760bf5f78ff45e6ec85d3f23a55dc
2026_0000169	adiga	0000169	https://www.adiga.kr/cmm/com/file/fileDown.do?fileId=00000000000000254062&fileSn=1	https://www.adiga.kr/uct/acd/ade/criteriaAndResultView.do	2026학년도 입시결과 추가안내자료.hwp	e3bebb066676f1d8fdc2590533341a2b4c2482671c90f96cc21779f5ce41afec
2026_0000186	adiga	0000186	https://www.adiga.kr/cmm/com/file/fileDown.do?fileId=00000000000000251619&fileSn=1	https://www.adiga.kr/uct/acd/ade/criteriaAndResultView.do	2026학년도 입시결과 추가안내자료(평택대학교).hwp	8b4d987d97fb002fb762e7c7cdac08dc2457618423dea2f0c0e6abce72f563e9
2026_0000245	adiga	0000245	https://www.adiga.kr/cmm/com/file/fileDown.do?fileId=00000000000000266149&fileSn=1	https://www.adiga.kr/uct/acd/ade/criteriaAndResultView.do	최종_[남서울대학교]2026학년도 입시결과 추가안내자료 입력양식(분포도 및 전형별공개 등).hwp	7edd4c76109693f8d88be18f15860c81762d623983b09108490689faf1bcc251
2026_0000284	adiga	0000284	https://www.adiga.kr/cmm/com/file/fileDown.do?fileId=00000000000000251840&fileSn=1	https://www.adiga.kr/uct/acd/ade/criteriaAndResultView.do	2026학년도 전형평가기준 및 전년도 결과공개(공개표준안)_청운대학교(수정본).hwp	2e86f7a72d61f94cc0d57c45137ca6a9d5f39890aaf682fb4c68f03bbd837156
2026_0002800	adiga	0002800	https://www.adiga.kr/cmm/com/file/fileDown.do?fileId=00000000000000251614&fileSn=1	https://www.adiga.kr/uct/acd/ade/criteriaAndResultView.do	[신한대] 2026학년도 입시결과 추가안내자료(3명 이하 모집단위 전형별공개).hwp	e0b32c37defc7c2f1c81b25e960b60409c7fa7336553e2969ff703addb704576
2026_0002959	adiga	0002959	https://www.adiga.kr/cmm/com/file/fileDown.do?fileId=00000000000000251718&fileSn=1	https://www.adiga.kr/uct/acd/ade/criteriaAndResultView.do	2026학년도 수시모집 입시결과 추가안내자료_천안캠퍼스.pdf	6087bfedc10c7d6e2961337ac109ff396bf1fd440b13137fcc874cf32b8c85c9
